continent,country,city,download_dir,process_name_prefix
Africa,Algeria,Algeria,data\Africa\Algeria\Algeria,Algeria
Africa,Angola,Angola,data\Africa\Angola\Angola,Angola
Africa,Benin,Benin,data\Africa\Benin\Benin,Benin
Africa,Botswana,Botswana,data\Africa\Botswana\Botswana,Botswana
Africa,BurkinaFaso,BurkinaFaso,data\Africa\BurkinaFaso\BurkinaFaso,BurkinaFaso
Africa,Burundi,Burundi,data\Africa\Burundi\Burundi,Burundi
Africa,Cameroon,Cameroon,data\Africa\Cameroon\Cameroon,Cameroon
Africa,Central_African_Republic,Central_African_Republic,data\Africa\Central_African_Republic\Central_African_Republic,Central
Africa,Chad,Chad,data\Africa\Chad\Chad,Chad
Africa,Comoros,Comoros,data\Africa\Comoros\Comoros,Comoros
Africa,Congo(DRC),Congo(DRC),data\Africa\Congo(DRC)\Congo(DRC),Congo(DRC)
Africa,Djibouti,Djibouti,data\Africa\Djibouti\Djibouti,Djibouti
Africa,Egypt,Egypt,data\Africa\Egypt\Egypt,Egypt
Africa,Equatorial_Guinea,Equatorial_Guinea,data\Africa\Equatorial_Guinea\Equatorial_Guinea,Equatorial
Africa,Eritrea,Eritrea,data\Africa\Eritrea\Eritrea,Eritrea
Africa,Ethiopia,Ethiopia,data\Africa\Ethiopia\Ethiopia,Ethiopia
Africa,Gabon,Gabon,data\Africa\Gabon\Gabon,Gabon
Africa,Ghana,Ghana,data\Africa\Ghana\Ghana,Ghana
Africa,Guinea,Guinea,data\Africa\Guinea\Guinea,Guinea
Africa,GuineaBissau,GuineaBissau,data\Africa\GuineaBissau\GuineaBissau,GuineaBissau
Africa,Israel,Israel,data\Africa\Israel\Israel,Israel
Africa,Ivory_Coast,Ivory_Coast,data\Africa\Ivory_Coast\Ivory_Coast,Ivory
Africa,Lesotho,Lesotho,data\Africa\Lesotho\Lesotho,Lesotho
Africa,Liberia,Liberia,data\Africa\Liberia\Liberia,Liberia
Africa,Libya,Libya,data\Africa\Libya\Libya,Libya
Africa,Madagascar,Madagascar,data\Africa\Madagascar\Madagascar,Madagascar
Africa,Malawi,Malawi,data\Africa\Malawi\Malawi,Malawi
Africa,Mali,Mali,data\Africa\Mali\Mali,Mali
Africa,Mauritania,Mauritania,data\Africa\Mauritania\Mauritania,Mauritania
Africa,Mauritius,Mauritius,data\Africa\Mauritius\Mauritius,Mauritius
Africa,Mayotte,Mayotte,data\Africa\Mayotte\Mayotte,Mayotte
Africa,Morocco,Morocco,data\Africa\Morocco\Morocco,Morocco
Africa,Mozambique,Mozambique,data\Africa\Mozambique\Mozambique,Mozambique
Africa,Namibia,Namibia,data\Africa\Namibia\Namibia,Namibia
Africa,Niger,Niger,data\Africa\Niger\Niger,Niger
Africa,Republic_of_the_Congo,Republic_of_the_Congo,data\Africa\Republic_of_the_Congo\Republic_of_the_Congo,Republic
Africa,Reunion,Reunion,data\Africa\Reunion\Reunion,Reunion
Africa,Rwanda,Rwanda,data\Africa\Rwanda\Rwanda,Rwanda
Africa,Senegal,Senegal,data\Africa\Senegal\Senegal,Senegal
Africa,Seychelles,Seychelles,data\Africa\Seychelles\Seychelles,Seychelles
Africa,Sierra_Leone,Sierra_Leone,data\Africa\Sierra_Leone\Sierra_Leone,Sierra
Africa,Somalia,Somalia,data\Africa\Somalia\Somalia,Somalia
Africa,South_Africa,South_Africa,data\Africa\South_Africa\South_Africa,South
Africa,South_Sudan,South_Sudan,data\Africa\South_Sudan\South_Sudan,South
Africa,Sudan,Sudan,data\Africa\Sudan\Sudan,Sudan
Africa,Swaziland,Swaziland,data\Africa\Swaziland\Swaziland,Swaziland
Africa,Tanzania,Tanzania,data\Africa\Tanzania\Tanzania,Tanzania
Africa,The_Gambia,The_Gambia,data\Africa\The_Gambia\The_Gambia,The
Africa,Togo,Togo,data\Africa\Togo\Togo,Togo
Africa,Tunisia,Tunisia,data\Africa\Tunisia\Tunisia,Tunisia
Africa,Uganda,Uganda,data\Africa\Uganda\Uganda,Uganda
Africa,Zambia,Zambia,data\Africa\Zambia\Zambia,Zambia
Africa,Zimbabwe,Zimbabwe,data\Africa\Zimbabwe\Zimbabwe,Zimbabwe
America,Anguilla,Anguilla,data\America\Anguilla\Anguilla,Anguilla
America,Antigua_and_Barbuda,Antigua_and_Barbuda,data\America\Antigua_and_Barbuda\Antigua_and_Barbuda,Antigua
America,Argentina,Argentina,data\America\Argentina\Argentina,Argentina
America,Aruba,Aruba,data\America\Aruba\Aruba,Aruba
America,Barbados,Barbados,data\America\Barbados\Barbados,Barbados
America,Belize,Belize,data\America\Belize\Belize,Belize
America,Bolivia,Bolivia,data\America\Bolivia\Bolivia,Bolivia
America,Bonaire,Bonaire,data\America\Bonaire\Bonaire,Bonaire
America,Brazil,Brazil,data\America\Brazil\Brazil,Brazil
America,British_Virgin_Islands,British_Virgin_Islands,data\America\British_Virgin_Islands\British_Virgin_Islands,British
America,Canada,Canada,data\America\Canada\Canada,Canada
America,Chile,Chile,data\America\Chile\Chile,Chile
America,Colombia,Colombia,data\America\Colombia\Colombia,Colombia
America,Costa_Rica,Costa_Rica,data\America\Costa_Rica\Costa_Rica,Costa
America,Cuba,Cuba,data\America\Cuba\Cuba,Cuba
America,Curacao,Curacao,data\America\Curacao\Curacao,Curacao
America,Dominica,Dominica,data\America\Dominica\Dominica,Dominica
America,Dominican_Republic,Dominican_Republic,data\America\Dominican_Republic\Dominican_Republic,Dominican
America,Ecuador,Ecuador,data\America\Ecuador\Ecuador,Ecuador
America,El_Salvador,El_Salvador,data\America\El_Salvador\El_Salvador,El
America,Guatemala,Guatemala,data\America\Guatemala\Guatemala,Guatemala
America,Guyana,Guyana,data\America\Guyana\Guyana,Guyana
America,Haiti,Haiti,data\America\Haiti\Haiti,Haiti
America,Honduras,Honduras,data\America\Honduras\Honduras,Honduras
America,Jamaica,Jamaica,data\America\Jamaica\Jamaica,Jamaica
America,Mexico,Mexico,data\America\Mexico\Mexico,Mexico
America,Nicaragua,Nicaragua,data\America\Nicaragua\Nicaragua,Nicaragua
America,Panama,Panama,data\America\Panama\Panama,Panama
America,Paraguay,Paraguay,data\America\Paraguay\Paraguay,Paraguay
America,Peru,Peru,data\America\Peru\Peru,Peru
America,Puerto_Rico,Puerto_Rico,data\America\Puerto_Rico\Puerto_Rico,Puerto
America,Suriname,Suriname,data\America\Suriname\Suriname,Suriname
America,The_Bahamas,The_Bahamas,data\America\The_Bahamas\The_Bahamas,The
America,United_States_of_America,Alabama,data\America\United_States_of_America\Alabama,Alabama
America,United_States_of_America,Arizona,data\America\United_States_of_America\Arizona,Arizona
America,United_States_of_America,Arkansas,data\America\United_States_of_America\Arkansas,Arkansas
America,United_States_of_America,California,data\America\United_States_of_America\California,California
America,United_States_of_America,Colorado,data\America\United_States_of_America\Colorado,Colorado
America,United_States_of_America,Connecticut,data\America\United_States_of_America\Connecticut,Connecticut
America,United_States_of_America,District_of_Columbia,data\America\United_States_of_America\District_of_Columbia,District
America,United_States_of_America,Florida,data\America\United_States_of_America\Florida,Florida
America,United_States_of_America,Georgia,data\America\United_States_of_America\Georgia,Georgia
America,United_States_of_America,Idaho,data\America\United_States_of_America\Idaho,Idaho
America,United_States_of_America,Illinois,data\America\United_States_of_America\Illinois,Illinois
America,United_States_of_America,Indiana,data\America\United_States_of_America\Indiana,Indiana
America,United_States_of_America,Iowa,data\America\United_States_of_America\Iowa,Iowa
America,United_States_of_America,Kansas,data\America\United_States_of_America\Kansas,Kansas
America,United_States_of_America,Kentucky,data\America\United_States_of_America\Kentucky,Kentucky
America,United_States_of_America,Louisiana,data\America\United_States_of_America\Louisiana,Louisiana
America,United_States_of_America,Maine,data\America\United_States_of_America\Maine,Maine
America,United_States_of_America,Maryland,data\America\United_States_of_America\Maryland,Maryland
America,United_States_of_America,Massachusetts,data\America\United_States_of_America\Massachusetts,Massachusetts
America,United_States_of_America,Michigan,data\America\United_States_of_America\Michigan,Michigan
America,United_States_of_America,Minnesota,data\America\United_States_of_America\Minnesota,Minnesota
America,United_States_of_America,Mississippi,data\America\United_States_of_America\Mississippi,Mississippi
America,United_States_of_America,Missouri,data\America\United_States_of_America\Missouri,Missouri
America,United_States_of_America,Montana,data\America\United_States_of_America\Montana,Montana
America,United_States_of_America,Nebraska,data\America\United_States_of_America\Nebraska,Nebraska
America,United_States_of_America,Nevada,data\America\United_States_of_America\Nevada,Nevada
America,United_States_of_America,New_Hampshire,data\America\United_States_of_America\New_Hampshire,New
America,United_States_of_America,New_Jersey,data\America\United_States_of_America\New_Jersey,New
America,United_States_of_America,New_Mexico,data\America\United_States_of_America\New_Mexico,New
America,United_States_of_America,New_York,data\America\United_States_of_America\New_York,New
America,United_States_of_America,North_Carolina,data\America\United_States_of_America\North_Carolina,North
America,United_States_of_America,North_Dakota,data\America\United_States_of_America\North_Dakota,North
America,United_States_of_America,Ohio,data\America\United_States_of_America\Ohio,Ohio
America,United_States_of_America,Oklahoma,data\America\United_States_of_America\Oklahoma,Oklahoma
America,United_States_of_America,Oregon,data\America\United_States_of_America\Oregon,Oregon
America,United_States_of_America,Pennsylvania,data\America\United_States_of_America\Pennsylvania,Pennsylvania
America,United_States_of_America,Rhode_Island,data\America\United_States_of_America\Rhode_Island,Rhode
America,United_States_of_America,South_Carolina,data\America\United_States_of_America\South_Carolina,South
America,United_States_of_America,South_Dakota,data\America\United_States_of_America\South_Dakota,South
America,United_States_of_America,Tennessee,data\America\United_States_of_America\Tennessee,Tennessee
America,United_States_of_America,Texas,data\America\United_States_of_America\Texas,Texas
America,United_States_of_America,Utah,data\America\United_States_of_America\Utah,Utah
America,United_States_of_America,Vermont,data\America\United_States_of_America\Vermont,Vermont
America,United_States_of_America,Virginia,data\America\United_States_of_America\Virginia,Virginia
America,United_States_of_America,Washington,data\America\United_States_of_America\Washington,Washington
America,United_States_of_America,West_Virginia,data\America\United_States_of_America\West_Virginia,West
America,United_States_of_America,Wisconsin,data\America\United_States_of_America\Wisconsin,Wisconsin
America,United_States_of_America,Wyoming,data\America\United_States_of_America\Wyoming,Wyoming
America,Uruguay,Uruguay,data\America\Uruguay\Uruguay,Uruguay
America,Venezuela,Venezuela,data\America\Venezuela\Venezuela,Venezuela
Asia,Afghanistan,Afghanistan,data\Asia\Afghanistan\Afghanistan,Afghanistan
Asia,Armenia,Armenia,data\Asia\Armenia\Armenia,Armenia
Asia,Bahrain,Bahrain,data\Asia\Bahrain\Bahrain,Bahrain
Asia,Bangladesh,Bangladesh,data\Asia\Bangladesh\Bangladesh,Bangladesh
Asia,Bhutan,Bhutan,data\Asia\Bhutan\Bhutan,Bhutan
Asia,Brunei,Brunei,data\Asia\Brunei\Brunei,Brunei
Asia,Cambodia,Cambodia,data\Asia\Cambodia\Cambodia,Cambodia
Asia,Cyprus,Cyprus,data\Asia\Cyprus\Cyprus,Cyprus
Asia,India,India,data\Asia\India\India,India
Asia,Indonesia,Indonesia_east,data\Asia\Indonesia\Indonesia_east,Indonesia
Asia,Indonesia,Indonesia_mid,data\Asia\Indonesia\Indonesia_mid,Indonesia
Asia,Indonesia,Indonesia_west,data\Asia\Indonesia\Indonesia_west,Indonesia
Asia,Iran,Iran,data\Asia\Iran\Iran,Iran
Asia,Iraq,Iraq,data\Asia\Iraq\Iraq,Iraq
Asia,Japan,Japan,data\Asia\Japan\Japan,Japan
Asia,Jordan,Jordan,data\Asia\Jordan\Jordan,Jordan
Asia,Kazakhstan,Kazakhstan,data\Asia\Kazakhstan\Kazakhstan,Kazakhstan
Asia,Kuwait,Kuwait,data\Asia\Kuwait\Kuwait,Kuwait
Asia,Kyrgyzstan,Kyrgyzstan,data\Asia\Kyrgyzstan\Kyrgyzstan,Kyrgyzstan
Asia,Laos,Laos,data\Asia\Laos\Laos,Laos
Asia,Lebanon,Lebanon,data\Asia\Lebanon\Lebanon,Lebanon
Asia,Malaysia,Malaysia,data\Asia\Malaysia\Malaysia,Malaysia
Asia,Mongolia,Mongolia,data\Asia\Mongolia\Mongolia,Mongolia
Asia,Myanmar,Myanmar,data\Asia\Myanmar\Myanmar,Myanmar
Asia,Nepal,Nepal,data\Asia\Nepal\Nepal,Nepal
Asia,North_Korea,North_Korea,data\Asia\North_Korea\North_Korea,North
Asia,Pakistan,Pakistan,data\Asia\Pakistan\Pakistan,Pakistan
Asia,Philippines,Philippines,data\Asia\Philippines\Philippines,Philippines
Asia,Republic_of_Yemen,Republic_of_Yemen,data\Asia\Republic_of_Yemen\Republic_of_Yemen,Republic
Asia,Russia,Russia,data\Asia\Russia\Russia,Russia
Asia,Singapore,Singapore,data\Asia\Singapore\Singapore,Singapore
Asia,South_Korea,South_Korea,data\Asia\South_Korea\South_Korea,South
Asia,Sri_Lanka,Sri_Lanka,data\Asia\Sri_Lanka\Sri_Lanka,Sri
Asia,State_of_Qatar,State_of_Qatar,data\Asia\State_of_Qatar\State_of_Qatar,State
Asia,Sultanate_of_Oman,Sultanate_of_Oman,data\Asia\Sultanate_of_Oman\Sultanate_of_Oman,Sultanate
Asia,Syria,Syria,data\Asia\Syria\Syria,Syria
Asia,Tajikistan,Tajikistan,data\Asia\Tajikistan\Tajikistan,Tajikistan
Asia,Thailand,Thailand,data\Asia\Thailand\Thailand,Thailand
Asia,Timor_Leste,Timor_Leste,data\Asia\Timor_Leste\Timor_Leste,Timor
Asia,Turkmenistann,Turkmenistann,data\Asia\Turkmenistann\Turkmenistann,Turkmenistann
Asia,United_Arab_Emirates,United_Arab_Emirates,data\Asia\United_Arab_Emirates\United_Arab_Emirates,United
Asia,Uzbekistan,Uzbekistan,data\Asia\Uzbekistan\Uzbekistan,Uzbekistan
Asia,Vietnam,Vietnam,data\Asia\Vietnam\Vietnam,Vietnam
Europe,Albania,Albania,data\Europe\Albania\Albania,Albania
Europe,Andorra,Andorra,data\Europe\Andorra\Andorra,Andorra
Europe,Austria,Austria,data\Europe\Austria\Austria,Austria
Europe,Azerbaijan,Azerbaijan,data\Europe\Azerbaijan\Azerbaijan,Azerbaijan
Europe,Belarus,Belarus,data\Europe\Belarus\Belarus,Belarus
Europe,Belgium,Belgium,data\Europe\Belgium\Belgium,Belgium
Europe,Bosnia_and_Herzegovina,Bosnia_and_Herzegovina,data\Europe\Bosnia_and_Herzegovina\Bosnia_and_Herzegovina,Bosnia
Europe,Bulgaria,Bulgaria,data\Europe\Bulgaria\Bulgaria,Bulgaria
Europe,Croatia,Croatia,data\Europe\Croatia\Croatia,Croatia
Europe,Czech_Republic,Czech_Republic,data\Europe\Czech_Republic\Czech_Republic,Czech
Europe,Czechia,Czechia,data\Europe\Czechia\Czechia,Czechia
Europe,Denmark,Denmark,data\Europe\Denmark\Denmark,Denmark
Europe,Estonia,Estonia,data\Europe\Estonia\Estonia,Estonia
Europe,Faroe_Islands,Faroe_Islands,data\Europe\Faroe_Islands\Faroe_Islands,Faroe
Europe,Finland,Finland,data\Europe\Finland\Finland,Finland
Europe,France,France,data\Europe\France\France,France
Europe,Germany,Germany,data\Europe\Germany\Germany,Germany
Europe,Hungary,Hungary,data\Europe\Hungary\Hungary,Hungary
Europe,Iceland,Iceland,data\Europe\Iceland\Iceland,Iceland
Europe,Ireland,Ireland,data\Europe\Ireland\Ireland,Ireland
Europe,Isle_of_Man,Isle_of_Man,data\Europe\Isle_of_Man\Isle_of_Man,Isle
Europe,Italy,Italy,data\Europe\Italy\Italy,Italy
Europe,Kazakhstan,Kazakhstan,data\Europe\Kazakhstan\Kazakhstan,Kazakhstan
Europe,Kosovo,Kosovo,data\Europe\Kosovo\Kosovo,Kosovo
Europe,Latvia,Latvia,data\Europe\Latvia\Latvia,Latvia
Europe,Lithuania,Lithuania,data\Europe\Lithuania\Lithuania,Lithuania
Europe,Luxembourg,Luxembourg,data\Europe\Luxembourg\Luxembourg,Luxembourg
Europe,Malta,Malta,data\Europe\Malta\Malta,Malta
Europe,Moldova,Moldova,data\Europe\Moldova\Moldova,Moldova
Europe,Montenegro,Montenegro,data\Europe\Montenegro\Montenegro,Montenegro
Europe,Netherlands,Netherlands,data\Europe\Netherlands\Netherlands,Netherlands
Europe,Norway,Norway,data\Europe\Norway\Norway,Norway
Europe,Poland,Poland,data\Europe\Poland\Poland,Poland
Europe,Portugal,Portugal,data\Europe\Portugal\Portugal,Portugal
Europe,Romania,Romania,data\Europe\Romania\Romania,Romania
Europe,San_Marino,San_Marino,data\Europe\San_Marino\San_Marino,San
Europe,Serbia,Serbia,data\Europe\Serbia\Serbia,Serbia
Europe,Slovakia,Slovakia,data\Europe\Slovakia\Slovakia,Slovakia
Europe,Slovenia,Slovenia,data\Europe\Slovenia\Slovenia,Slovenia
Europe,Spain,Spain,data\Europe\Spain\Spain,Spain
Europe,Sweden,Sweden,data\Europe\Sweden\Sweden,Sweden
Europe,Switzerland,Switzerland,data\Europe\Switzerland\Switzerland,Switzerland
Europe,Turkey,Turkey,data\Europe\Turkey\Turkey,Turkey
Europe,Ukraine,Ukraine,data\Europe\Ukraine\Ukraine,Ukraine
Europe,Vatican_City,Vatican_City,data\Europe\Vatican_City\Vatican_City,Vatican
Europe,United_Kingdom,London,data\Europe\United_Kingdom\London,London
Oceania,Australia,Australia,data\Oceania\Australia\Australia,Australia
亚洲,中国,安徽省,data\亚洲\中国\安徽省,anhui
亚洲,中国,北京市,data\亚洲\中国\北京市,beijing
亚洲,中国,福建省,data\亚洲\中国\福建省,fujian
亚洲,中国,甘肃省,data\亚洲\中国\甘肃省,gansu
亚洲,中国,广东省,data\亚洲\中国\广东省,guangdong
亚洲,中国,广西壮族自治区,data\亚洲\中国\广西壮族自治区,guangxi
亚洲,中国,贵州省,data\亚洲\中国\贵州省,guizhou
亚洲,中国,海南省,data\亚洲\中国\海南省,hainan
亚洲,中国,河北省,data\亚洲\中国\河北省,hebei
亚洲,中国,河南省,data\亚洲\中国\河南省,henan
亚洲,中国,黑龙江省,data\亚洲\中国\黑龙江省,heilongjiang
亚洲,中国,湖北省,data\亚洲\中国\湖北省,hubei
亚洲,中国,湖南省,data\亚洲\中国\湖南省,hunan
亚洲,中国,吉林省,data\亚洲\中国\吉林省,jilin
亚洲,中国,江苏省,data\亚洲\中国\江苏省,jiangsu
亚洲,中国,江西省,data\亚洲\中国\江西省,jiangxi
亚洲,中国,辽宁省,data\亚洲\中国\辽宁省,liaoning
亚洲,中国,内蒙古自治区,data\亚洲\中国\内蒙古自治区,neimenggu
亚洲,中国,宁夏回族自治区,data\亚洲\中国\宁夏回族自治区,ningxia
亚洲,中国,青海省,data\亚洲\中国\青海省,qinghai
亚洲,中国,山东省,data\亚洲\中国\山东省,shandong
亚洲,中国,山西省,data\亚洲\中国\山西省,shanxi
亚洲,中国,陕西省,data\亚洲\中国\陕西省,shaanxi
亚洲,中国,上海市,data\亚洲\中国\上海市,shanghai
亚洲,中国,四川省,data\亚洲\中国\四川省,sichuan
亚洲,中国,台湾,data\亚洲\中国\台湾,taiwan
亚洲,中国,天津市,data\亚洲\中国\天津市,tianjin
亚洲,中国,西藏自治区,data\亚洲\中国\西藏自治区,xizang
亚洲,中国,香港澳门,data\亚洲\中国\香港澳门,HK
亚洲,中国,新疆维吾尔自治区,data\亚洲\中国\新疆维吾尔自治区,xinjiang
亚洲,中国,云南省,data\亚洲\中国\云南省,yunnan
亚洲,中国,浙江省,data\亚洲\中国\浙江省,zhejiang
亚洲,中国,重庆市,data\亚洲\中国\重庆市,chongqing
